id,title,year,language,all_authors,citation_count,has_hypothesis,hypothesis_or_objectives,objective_code,research_area,research_focus,sampling_method,study_design,habitat_code,region_code,affiliations,ocean,sea,is_just_theoric,locality_country,family,genus,cited_species
526,Report on the Actiniaria and Ceriantharia,1927,English,Carlgren O.,4,NO,NA,4,Biodiversity,Overview,0,1,0,2,Sweden,North Atlantic,Mediterranean Sea,NO,Egypt,Cerianthidae,Cerianthus; Pachycerianthus,Cerianthus membranaceus; Pachycerianthus solitarius
511,The Ceriantharian Nervous System,1965,English,Arai M.N.,0,NO,NA,1,Anatomy,Morphology,1,2,1,1,Canada,North Pacific,NA,NO,USA,Cerianthidae,Pachycerianthus,NA
571,Association of Phoronis australis (Phoronida) with Cerianthus maua (Ceriantharia) in coral reefs of Madagascar,1972,French,Emig C.C.; Thomassin B.A.; Herberts C.,11,YES,The occurrence of Phoronis australis in the tube-walls of Cerianthus maua at Madagascar allows us to describe the taxonomic characteristics of both species and to deal with ecological aspects of the bottoms colonized.,2,Ecology,Ecological Interactions,0,2,1;2;5;6;7,1,France,Indian Ocean,NA,NO,Madagascar,Cerianthidae,Cerianthus,Cerianthus maua
520,The nematocysts of the anthozoans and their importance for phylogenetical systematics,1972,German,Schmidt H.,70,YES,"In the present work, the stinging capsules of representatives of almost all anthozoan orders (cf. KAESTNER 1969), with the exception of Helioporida, are examined and the diagnostic significance is briefly shown",5,Cell Biology,Cnida,0,1,0,2,Germany,North Atlantic,Mediterranean Sea; Red Sea,NO,NA,Cerianthidae,Cerianthus; Pachycerianthus,Cerianthus maua; Cerianthus membranaceus; Pachycerianthus multiplicatus
501,"A light and electron microscope study of the nervous system of Ceriantheopsis americanus (cnidaria, ceriantharia)",1973,English,Peteya D.J.,20,YES,This study is an attempt to clarify and extend knowledge of the cerianthid nervous system by characterizing the fine structural features of the neurons and synapses of Ceriantheopsis americanus. It also attempts to provide a preliminary model of the functional organization of the nervous system based upon observed synaptic interactions of its components.,1,Anatomy,Morphology,0,1,0,1,USA;Canada,North Atlantic,NA,NO,USA,Cerianthidae,Ceriantheopsis,Ceriantheopsis americana
535,"A possible proprioceptor in Ceriantheopsis americanus (cnidaria, ceriantharia)",1973,English,Peteya D.J.,1,YES,This paper is a report of the morphology of that sensory cell.,1,Anatomy,Morphology,0,1,0,1,USA;Canada,North Atlantic,NA,NO,USA,Cerianthidae,Ceriantheopsis,Ceriantheopsis americana
519,The feeding response of Pachycerianthus-fimbriatus (Ceriantharia),1973,English,Arai M.N.; Walder G.L.,7,NO,NA,2,Ecology,Behavior,2,2,0,1,Canada,North Pacific,NA,NO,USA,Cerianthidae,Pachycerianthus,Pachycerianthus fimbriatus
509,Gas exchange in a cerianthid,1974,English,Sassaman C.; Mangum C.P.,9,YES,The present contribution extends our investigation of respiration in anthozoans to the determinants of gas exchange in the cerianthid Ceriantheopsis americana,1,Physiology,Physiology,0,2,2,1,USA,North Atlantic,NA,NO,USA,Cerianthidae,Ceriantheopsis,Ceriantheopsis americana
508,"Digestion extracellulaire dans la cavité gastrique de Cerianthus lloydi Gosse. Structure du gastroderme, localisation et propriétés des enzymes protéolytiques",1975,French,Tiffon Y.; Bouillon J,7,NO,NA,1,Cell Biology,Anatomy,0,2,0,1,France;Belgium,North Atlantic,North Sea,NO,France,Cerianthidae,Cerianthus,Cerianthus lloydii
514,"Hydrolases dans l'ectoderme de Cerianthus lloydi Gosse, Cerianthus membranaceus spallanzani et Metridium senile (L.): mise en évidence d'une digestion extracellulaire et extracorporelle",1975,French,Tiffon Y.,10,YES,"I sought to locate and characterize some hydrolases in the ectoderm of the tentacles and in tissues of the same embryonic origin, but more accessible to biochemical analysis",1,Biochemistry,Physiology,0,2,0,1,France,North Atlantic,North Sea,NO,France,Cerianthidae,Cerianthus; Pachycerianthus,Cerianthus lloydii; Cerianthus membranaceus; Pachycerianthus fimbriatus
527,The ciliary-cone sensory cell of anemones and cerianthids,1975,English,Peteya D.J.,47,YES,This is the first demonstration of a multicellular sensory structure in the Anthozoa.,1,Cell Biology,Anatomy,0,2,0,2,Canada,North Atlantic;North Pacific,NA,NO,USA,Cerianthidae,Ceriantheopsis; Pachycerianthus,Ceriantheopsis americana; Pachycerianthus fimbriatus
559,"Ceriantharia, Zoanthidea, Corallimorpharia, and Actiniaria from the Continental Shelf and Slope off the Eastern Coast of the United States",1976,English,Widersten B.,17,NO,NA,5,Biodiversity,Overview,0,2,1;2,2;4,Sweden,North Atlantic,NA,NO,USA,Cerianthidae,Cerianthus; Ceriantheopsis,Cerianthus borealis; Ceriantheopsis americana
506,Use of electrical stimulation for discharging cnidom components of a species of Cerianthus (Anthozoa: Cnidaria),1982,English,Rifkin J.F. ,3,YES,"Direct-current electrical stimulation was used as a means of discharging cnidom components from the marginal tentacles of a species of Cerianthus from Southern Queensland, Australia, in order to facilitate the study of cnidom components by light microscopy. ",1,Cell Biology,Cnida,0,2,2,1,Australia,South Pacific,Coral Sea,NO,Australia,Cerianthidae,Cerianthus,NA
503,"Arachnanthus sarsi Carlgren, 1912: a redescription of a cerianthid anemone new to the British Isles",1985,English,Picton B.E.; Manuel R.L.,9,YES,"Arachnanthus sarsi was described by Carlgren (1912: 27) from a single damaged specimen lacking the uppermost part of the body. Some of the actinopharynx and all of the tentacles were missing, and the remains were 4.7 cm long in life. This type specimen was dredged in Trondheim Fjord, Norway, at a depth of 140 m, on 18 June 1901. Due to the necessarily incomplete nature of Carlgren's description a full description is given below.",6,Taxonomy,Morphology,0,2,0,1;4,UK,North Atlantic,NA,NO,Scotland,Arachnactidae,Arachnanthus,Arachnanthus sarsi
567,"Electrical-activity associated with withdrawal and feeding of pachycerianthus-fimbriatus (anthozoa, ceriantharia)",1985,English,Arai M.N.,1,YES,The present paper reports electrical recordings from the column and tentacle conducting systems,1,Cell Biology,Physiology,1;2,2,0,1,Canada,North Pacific,NA,NO,USA,Cerianthidae,Pachycerianthus,Pachycerianthus fimbriatus
521,"Ecology of Ceriantharia ( Coelenterata, Anthozoa) of the northwest Atlantic from Cape Hatteras to Nova Scotia",1986,English,Shepard A.N.; Theroux R.B.; Cooper R.A.; Uzmann J.R.,28,YES,"The objectives of this study are to describe 1) the Ceriantharia species encountered, 2) their general distribution in relation to latitude, deph, temperature and sediments, 3) their local distribution patterns, and 4) how they interact with other benthic species",2,Ecology,Abiotic Factors,3;4,1,1;2;3;4,2,USA,North Atlantic,NA,NO,USA;Canada,Cerianthidae,Ceriantheopsis; Cerianthus,Ceriantheopsis americana; Cerianthus borealis
502,Variability in the startle response of Pachycerianthus multiplicatus (Anthozoa: Ceriantharia),1988,English,McFarlane I.D.,1,YES,This paper investigates the through-conducting system in P. multiplicatus and shows that the startle response is not stereotyped but can vary in intensity according to previous experience,1,Physiology,Physiology,5,2,1,1,UK,North Atlantic,North Sea,NO,Sweden,Cerianthidae,Pachycerianthus,Pachycerianthus multiplicatus
446,A photographic survey of the megafauna of the central and eastern Gulf of Maine,1989,English,Langton R.W.; Uzmann J.R.,18,YES,The current study was initiated as a submersible survey of offshore lobster habitat in the Gulf of Maine.,4,Biodiversity,Biological Inventory,3;4,1,2,2,USA,North Atlantic,NA,NO,Gulf of Maine,Cerianthidae,Cerianthus,NA
478,"Fishes that eat sea anemones, a review",1989,English,Ates R.M.L.,13,YES,"A preliminary review is presented of fishes recorded to have consumed actiniarian and ceriantharian sea anemones (Cnidaria, Anthozoa, Actiniaria and Ceriantharia",2,Ecology,Ecological Interactions,0,3,0,3,USA,North Atlantic,Mediterranean Sea; North Sea,YES,NA,Cerianthidae,Cerianthus,NA
565,Histopathology of Ceriantheopsis americanus (Cnidaria: Ceriantharia) exposed to Black Rock Harbor dredge spoils in Long Island Sound,1989,English,Peters E.C.; Yevich P.P.,6,YES,We report here on histopathological examination s of cerianthid tissues,5,Anatomy,Morphology,5,1,1,1,USA,North Atlantic,NA,NO,USA,Cerianthidae,Ceriantheopsis; Pachycerianthus,Ceriantheopsis americana
483,Faunal associations on scallop grounds in the western Gulf of Maine,1990,English,Langton R.W.; Robinson W.E.,58,YES,In this paper two scallop beds in the western Gulf of Maine have been studied using quantitative photographic transects taken with a manned submersible. The purpose of the study was to examine factors controlling the distribution and abundance of sea scallops on these grounds and to evaluate the spatial relationships amongst the megafaunal invertebrates that cohabit the grounds,4,Ecology,Ecological Interactions,3,1,0,2,Australia,North Atlantic,NA,NO,Gulf of Maine,Cerianthidae,Cerianthus,Cerianthus borealis
455,A study of the spirocytes from the Ceriantharia and Actiniaria (Cnidaria: Anthozoa),1991,English,Rifkin J.F. ,13,YES,"In the present work spirocyst structure, ultrastructure and arrangement of the two orders Actiniaria and Ceriantharia are compared. A comparison of structural aspects of nematocysts from actiniarians and ceriantharians is also presented",5,Cell Biology,Cnida,0,2,0,1;4,UK,South Pacific,NA,NO,Queensland,Cerianthidae,Cerianthus,NA
449,"Nematocysts of sea anemones (Actiniaria, Ceriantharia and Corallimorpharia: Cnidaria): nomenclature",1991,English,England K.W.,104,YES,"In order to place these nomenclatural problems in perspective, a brief history is given here of the development of nematocyst nomenclature.",5,Taxonomy,Morphology,NA,3,0,0,Denmark,North Atlantic,NA,YES,NA,NA,NA,NA
407,"Cerianthus vogti danielssen, 1890 (anthozoa: Ceriantharia). a species inhabiting an extended tube system deeply buried in deep-sea sediments off Norway",1992,English,Jensen P.,18,YES,By means of box core sampling and photographs of the sea floor from the deep-sea benthos of the Norwegian Sea the abundance of Cerianthus vogti is estimated and an impression of the extension of its deeply buried tube system is given. A 'gas pipeline' hypothesis is finally presented where the tube system is suggested to accumulate and pass reduced compounds as supply for chemoautolithotrophic bacterial symbionts in its body tissues or as supply for a bacterial gardening system.,8,Biogeography,Behavior,3;4;5,1,1;2,1;4,USA,North Atlantic,Norwegian Sea,NO,Norway,Cerianthidae,Cerianthus,Cerianthus vogti
434,DNA sequence variation of mitochondrial large-subunit rRNA provides support for a two-subclass organization of the Anthozoa (Cnidaria),1996,English,France S.C.; Rosel P.E.; Agenbroad J.E.; Mullineaux L.S.; Kocher T.D.,131,YES,"We have sequenced a portion of the mitochondrial 16s rRNA gene from 29 species of Anthozoa, representing six orders of the subclasses Ceriantipatharia, Hexacorallia and Octocorallia, with the focus on deep-seamount corals.",7,Molecular Biology,Evolution; Phylogenetic,3,2,1,2,USA,North Atlantic,,YES,Caribbean;USA,Cerianthidae,Ceriantheopsis; Cerianthus,Ceriantheopsis americana; Cerianthus borealis
460,"Population density, prey selection, and predator avoidance of the burrowing anemone (Ceriantheopsis americanus) in Narragansett Bay, Rhode Island",1998,English,Holohan B.A.; Klos E.G.; Oviatt C.A.,8,YES,"Thus, a study of densities, prey, and predator avoidance was initiated in Narragansett Bay, Rhode Island.",2,Ecology,Behavior,1,2,1;2,1,USA,North Atlantic,,NO,USA,Cerianthidae,Ceriantheopsis,Ceriantheopsis americana
578,Phylogenetic Relationships within the Class Anthozoa (Phylum Cnidaria) Based on Nuclear 18S rDNA Sequences,1999,English,Berntson E.A.; France S.C.; Mullineaux L.S.,88,YES,"We address a number of questions regarding anthozoan phylogeny: (1) are the Ceriantharia and the Antipatharia phylogenetically allied within the Subclass Cerianthipatharia, separate from the Subclass Hexacorallia; (2) are the Corallimorpharia affiliated with the Actiniaria, the Scleractinia, or other members of the Hexacorallia; (3) are the Ptychodactiaria phylogenetically distinct from the Actiniaria; (4) is Dendrobrachia affiliated with the Antipatharia (Subclass Hexacorallia) or the Subclass Octocorallia; and (5) which morphological characters are correlated most closely with phylogenetic divisions within the Anthozoa?",7,Molecular Biology; Phylogeny,Evolution; Phylogenetic,1;3;6;7,2,0,0,South Korea,NA,NA,YES,NA,Cerianthidae,Ceriantheopsis; Cerianthus,Cerianthus borealis; Ceriantheopsis americana
442,A phylogenetic study of the Anthozoa (phylum Cnidaria) based on morphological and molecular characters,2001,English,Won J.H.; Rho B.J.; Song J.I.,59,YES,"In this study, we present analyses of phylogenetic relationships between taxa of Anthozoa based on 18S ribosomal DNA ,rDNA) sequence and morphological characters",7,Molecular Biology; Phylogeny,Evolution; Phylogenetic,7,2,0,0,Portugal;Spain;Russia,NA,NA,YES,NA,Cerianthidae,Cerianthus,Cerianthus filiformis
477,Actiniaria and Ceriantharia of the Azores (Cnidaria Anthozoa),2003,English,Wirtz P.; Ocana O.; Molodtsova T.,19,YES,"We here present a fauna list for the Actiniaria and Ceriantharia of the Azores, with some zoogeographical remarks",4,Biodiversity,Overview,1;2,1,1,1,USA,North Atlantic,NA,YES,Portugal,Arachnactidae; Cerianthidae,Arachnanthus; Pachycerianthus,Arachnanthus nocturnus; Pachycerianthus solitarius
412,Systematics of the Hexacorallia (Cnidaria: Anthozoa),2003,English,Daly M.; Fautin D.G.; Cappola V.A.,111,YES,"We conduct simultaneous analyses using data from anatomy, biology, ultrastructure of sperm, cnidae, life history, and molecular sequences to provide a comprehensive assessment of phylogenetic relationships among hexacorallians.",6,Integrative Taxonomy,Evolution; Phylogenetic,7,2,0,0,USA,NA,NA,YES,NA,Cerianthidae,Cerianheomorphe; Ceriantheopsis,NA
439,"Variation in habitat use by juvenile Acadian redfish, Sebastes fasciatus",2003,English,Auster P.J.; Lindholm J.; Valentine P.C.,44,YES,"In thi study, we reports patterns of shelter use by Acadian redfish in boulder reef and cerianthid anemone habitats based on life history stage and develop hypotheses to explain patterns in habitat use",2,Ecology,Ecological Interactions,4,1,1;2,1,Hong Kong;UK,North Atlantic,NA,NO,Gulf of Maine,Cerianthidae,Cerianthus,Cerianthus borealis
468,Crystallization and preliminary crystallographic analysis of a novel orange fluorescent protein from the Cnidaria tube anemone Cerianthus sp.,2004,English,Ip D.T.M.; Chan S.H.; Allen M.D.; Bycroft M.; Wan D.C.C.; Wong K.B.,8,YES,"In this paper, we report the expression, purification, crystallization and preliminary X-ray diffraction analysis of a novel orange fuorescent protein (OFP) from the Cnidaria tube anemone Cerianthus sp.",7,Biochemistry,Protein characterization,7,2,0,0,Germany;USA,NA,NA,YES,NA,Cerianthidae,Cerianthus,NA
495,"Identification of GFP-like proteins in nonbioluminescent, azooxanthellate anthozoa opens new perspectives for bioprospecting",2004,English,Wiedenmann J.; Ivanchenko S.; Oswald F.; Nienhaus G.U.,63,YES,"We screened nonbioluminescent, azooxanthellate cnidaria as potential sources for advanced marker proteins and succeeded in cloning a tetrameric green fluorescent protein (GFP) from the tentacles of Cerianthus membranaceus.",7,Biochemistry,Protein characterization,0,2,0,0,Russia,NA,NA,YES,NA,Cerianthidae,Cerianthus,Cerianthus membranaceus
556,"On the taxonomy and presumable evolutionary pathways of plank-tonic larvae of Ceriantharia (Anthozoa, Cnidaria)",2004,English,Molodtsova T.N.,15,YES,The main purpose of this work was to study ceriantharian larvae to establish how the features proposed by den Hartog (1977) are distributed between planktonic forms of the three families of Ceriantharia.,6,Taxonomy,Life Cycle; Morphology,6,1,0,0,Hong Kong,NA,NA,YES,NA,NA,"Bursanthus, Nautanthus, Sacculactis, Apiactis, Solasteractis, Peponactis, Synarachnactis, Syndactylactis, Isodactylactis, Calpanthula, Angianthula, Cerianthula, Hensenanthula, Sphaeranthula, Arachnactis, Dactylactis, Ovactis, Isarachnactis, Isapiactis",NA
303,Characterization of novel orange fluorescent protein cloned from Cnidarian tube anemone Cerianthus sp.,2007,English,Ip D.T.M.; Wong K.B.; Wan D.C.C.,19,YES,Here we report the cloning and characterization of a novel GFP-like protein isolated from the tentacles of the cnidarian tube anemone Cerianthus sp.,7,Biochemistry,Protein characterization,0,2,0,0,USA;Russia,NA,NA,YES,NA,Cerianthidae,Cerianthus,NA
545,Shallow-water sea anemones (Cnidaria: Anthozoa: Actiniaria) and tube anemones (Cnidaria: Anthozoa: Ceriantharia) of the Galapagos Islands,2007,English,Fautin D.G.; Hickman C.P.; Daly M.; Molodtsova T.,32,YES,We document eight species of sea anemones (order Actiniaria) and two of tube anemones (order Ceriantharia) at 48 localities in the Galápagos Archipelago (Figure 1; see Table 1) from the intertidal zone to 35 m,4,Biodiversity,Biological Inventory,1,1,1;2;5;7,1;4,Germany;USA;UK,South Pacific,NA,NO,Galapagos Island,Arachnactidae; Botrucnidiferidae,Arachnanthus; Botruanthus,Botruanthus benedeni
343,A Green Fluorescent Protein with Photoswitchable Emission from the Deep Sea,2008,English,"Vogt A.; D'Angelo C.; Oswald F.; Denzel A.; Mazel C.H.; Matz M.V.; Ivanchenko S.; Nienhaus G.U.; Wiedenmann, J.",30,YES,The possibility of light-independent expression of FPs encouraged us to search the dark depths of the ocean as a potential new source of GFP-like proteins,7,Biochemistry,Protein characterization,3,2,2,1,Russia,North Atlantic,NA,NO,Gulf of Mexico,Botrucnidiferidae; Cerianthidae,NA,NA
327,Ceriantharia (Cnidaria) of the Gulf of Mexico,2009,English,Molodtsova T.N.,5,NO,NA,4,Biodiversity,Overview,0,3,0,1,Brazil,North Atlantic,NA,NO,Gulf of Mexico,Cerianthidae,Ceriantheomorphe; Ceriantheopsis,Ceriantheomorphe brasiliensis; Ceriantheopsis americana
385,Is there any risk in a symbiotic species associating with an endangered one? A case of a phoronid worm growing on a Ceriantheomorphe tube,2010,English,Stampar S.N.; Emig C.C.; Morandini A.C.; Kodja G.; Balboni A.P.; Da Silveira F.L.,16,YES,This study reports for the very first time the occurrence of the species Phoronis australis in southwestern Atlantic waters and the association of phoronids with the genus Ceriantheomorphe,2,Ecology,Ecological Interactions,1,2,1,1;4,Russia;South Africa;Argentina,South Atlantic,NA,NO,Brazil,Cerianthidae,Ceriantheomorphe,Ceriantheomorphe brasiliensis
322,"A new species of shallow-water cerianthid (Cnidaria: Anthozoa) from South Africa, with remarks on the genus Ceriantheopsis",2011,English,Molodtsova T.N.; Griffiths C.L.; Acuña F.H.,9,YES,"The present work thus represents the first official report of a benthic adult cerianthid from South Africa, although unnamed species have previously been depicted in popular regional field guides (Jones 2008; Branch et al. 2010).",4,Taxonomy,Biodiversity; Morphology,1;4,2,0,1,Argentina;Brazil,South Atlantic,NA,NO,South Africa,Cerianthidae,Ceriantheopsis,Ceriantheopsis austroafricanus
370,The taxonomic position of the pelagic 'staurozoan' Tessera gemmaria as a ceriantharian larva,2011,English,Rodriguez C.S.; Marques A.C.; Stampar S.N.; Morandini A.C.; Christiansen E.; Genzano G.N.; Mianzan H.W.,11,YES,"The goal of this study is to reinterpret the taxonomic position of this doubtful taxon based on evidence of external morphology, anatomy, and molecular data.",6,Integrative Taxonomy,Evolution; Phylogenetic,3,2,0,2;4,Brazil;Netherlands,South Atlantic,NA,NO,Argentina;Brazil,"Arachnactidae, Cerianthidae","Arachnactidae, Cerianthidae",Isarachnanthus sp.; Ceriantheomorphe brasiliensis; Ceriantheopsis americana; Cerianthus borealis
348,Evolutionary diversification of banded tube-dwelling anemones (Cnidaria; Ceriantharia; Isarachnanthus) in the Atlantic ocean,2012,English,Stampar S.N.; Maronna M.M.; Vermeij M.J.A.; Silveira F.L.D.; Morandini A.C.,40,YES,"Here, we aimed to verify whether genetic relationships (using COI, 16S, ITS1 and ITS2 molecular markers) confirmed morphological affinities among members of Isarachnanthus from different regions across the Atlantic Ocean",7,Molecular Biology; Phylogeny,Phylogenetic; Phylogeography,1,2,0,3;4,Spain,North Atlantic;South Atlantic;South Pacific,Caribbean Sea,NO,Brazil;Curacao;French Polynesia;Portugal,Arachnactidae; Cerianthidae,Ceriantheomorphe; Isarachnanthus,Cerianhteomorphe brasiliensis; Isarachnanthus bandanensis; Isarachnanthus maderensis; Isarachnanthus nocturnus
575,"Habitats of the Cap De Creus Continental Shelf and Cap De Creus Canyon, Northwestern Mediterranean",2012,English,Lo Iacono C.; Orejas C.; Gori A.; Gili J.M.; Requena S.; Puig P.; Ribó M.,23,YES,"In this study, we present a characterization of the main morphological and deposi­ tional features and related habitats of the Cap de Creus continental shelf and canyon head, in the northwestern Mediterranean (42.21°?42.44°N, 3.12°?3.50°E), integrat­ ing swath bathymetry, video images, and sediment samples. No statistical analy­ ses have been carried out to analyze relationships between abiotic surrogates and benthos",4,Biodiversity,Overview,4,1,1;2;6,1,Brazil,North Atlantic,Mediterranean Sea,NO,Spain,Cerianthidae,Cerianthus,Cerianthus membraneceus
313,"New record of the endangered cerianthid Ceriantheomorphe brasiliensis (Cnidaria: Hexacorallia) in Paranaguá Bay, southern Brazil",2012,English,Spier D.; Stampar S.N.; Prantoni A.L.,9,YES,This paper describes a newly discovered population of Ceriantheomorphe brasiliensis in the large subtropical Paranagua ´ Bay (southern Brazil),6,Biodiversity,Biological Inventory,1,2,1;2;6;7,1;4,South Korea;UK,South Atlantic,NA,NO,Brazil,Cerianthidae,Ceriantheomorphe,Ceriantheomorphe brasiliensis
363,Sabelliphilidae (Copepoda: Cyclopoida) associated with the tube anemone Pachycerianthus maua (Carlgren) and the horseshoe worm Phoronis australis Haswell off New Caledonia,2012,English,Kim I.H.; Huys R.,6,NO,NA,2,Ecology,Ecological Interactions,0,2,0,1,USA,South Pacific,Coral Sea,NO,New Caledonia,Cerianthidae,Pachycerianthus,Pachycerianthus maua
399,"Pitfalls, traps, and webs in ichnology: Traces and trace fossils of an understudied behavioral strategy",2013,English,Lehane J.R.; Ekdale A.A.,16,YES,"The purpose of this paper is to illustrate all of the cited examples of trapping in the animal kingdom, both modern and ancient, assess their identification in the modern and ichnological record, and analyze some known trace fossils that could represent trapping behavior.",4,Biodiversity,Biological Inventory,0,3,0,0,Brazil,North Atlantic,NA,NO,Mexico,NA,NA,NA
270,"A new Fenestrulina (Bryozoa, Cheilostomata) commensal with tube-dwelling anemones (Cnidaria, Ceriantharia) in the tropical southwestern Atlantic",2014,English,Vieira L.M.; Stampar S.N.,0,YES,"Here we describe a new bryozoan species from Espírito Santo, Brazil, and we also report for the first time commensalism between a bryozoan and the tube-dwelling anemone Pachycerianthus sp.",2,Ecology,Ecological Interactions,1,1,0,1;4,Brazil,South Atlantic,NA,NO,Brazil,Cerianthidae,Pachycerianthus,NA
203,"A new species of Pachycerianthus (Cnidaria, Anthozoa, Ceriantharia) from tropical southwestern Atlantic",2014,English,Stampar S.N.; Morandini A.C.; Da Silveira F.L.,14,YES,Here we address the lack of information about members of Pachycerianthus by describing a new species from the tropical Southwestern Atlantic Ocean and comparing it with other species of the genus from the Atlantic Ocean.,6,Integrative Taxonomy,Biogeography,1,2,0,1,Brazil;Japan,South Atlantic,NA,NO,Brazil,Cerianthidae,Pachycerianthus,Pachycerianthus schlenzae
254,Fast-evolving mitochondrial DNA in Ceriantharia: A reflection of hexacorallia paraphyly?,2014,English,Stampar S.N.; Maronna M.M.; Kitahara M.V.; Reimer J.D.; Morandini A.C.,42,YES,"In this study, the divergence of mitochondrial DNA of Ceriantharia was compared to members of other Anthozoa and Medusozoa groups. In addition, nuclear markers were used to check the relative phylogenetic position of Ceriantharia in relation to other Cnidaria members",7,Molecular Biology,Evolution; Phylogenetic,4,2,0,3,Brazil,NA,NA,NYES,NA,Arachnactidae; Cerianthidae,Ceriantheomorphe; Cerianthus; Ceriantheopsis; Isarachnanthus; Pachycerianthus,Ceriantheomorphe brasiliensis; Cerianthus lloydii; Ceriantheopsis americanus; Isarachnanthus bandanensis; Isarachnanthus maderensis; Isarachnanthus nocturnus; Pachycerianthus borealis; Pachycerianthus fimbriatus; Pachycerianthus magnus
245,"Drifting in the oceans: Isarachnanthus nocturnus (Cnidaria, Ceriantharia, Arachnactidae), an anthozoan with an extended planktonic stage",2015,English,Stampar S.N.; Morandini A.C.; Branco L.C.; da Silveira F.L.; Migotto A.E.,20,YES,Our study focused on the development of larvae with peculiar external morphology that could be linked to a described species established from adult specimens,6,Taxonomy,Life Cycle; Morphology,3,2,0,1;4,USA,South Atlantic,NA,NO,Brazil,Arachnactidae,Isarachnanthus,Isarachnanthus nocturnus
271,Phylogenomic analyses support traditional relationships within Cnidaria,2015,English,Zapata F.; Goetz F.E.; Smith S.A.; Howison M.; Siebert S.; Church S.H.; Sanders S.M.; Ames C.L.; McFadden C.S.; France S.C.; Daly M.; Collins A.G.; Haddock S.H.D.; Dunn C.W.; Cartwright P.,171,YES,"Here, we present a broadly sampled phylogenomic analysis of Cnidaria designed to test the general framework for cnidarian phylogeny that has emerged in the past decades, and compare alternative hypotheses for remaining questions",7,Molecular Biology; Phylogeny,Evolution; Phylogenomic,4,2,0,0,Brazil;Argentina,NA,NA,YES,NA,NA,NA,NA
233,"Ultrastructure and tube formation in Ceriantharia (Cnidaria, Anthozoa)",2015,English,Stampar S.N.; Beneti J.S.; Acuña F.H.; Morandini A.C.,26,YES,"Cnidomes are an important feature that diagnoses groups of Cnidaria. Our paper describes how these structures are used in the formation of the tubes of tube Anemones, Ceriantharia.",5,Cell Biology,Cnida,6,1,0,3,Brazil;Uruguay;Argentina,North Atlantic;South Atlantic,North Sea,NO,Brazil;Norway,Arachnactidae; Botrucnidiferidae; Cerianthidae,Botrucnidifer; Ceriantheomorphe; Isarachnanthus; Pachycerianthus,Botrucnidifer novergicus; Ceriantheomorphe brasiliensis; Isarachnanthus nocturnus; Pachycerianthus schlenzae
265,"A new species of tube-dwelling anemone (Cnidaria, Anthozoa, Ceriantharia, Ceriantheopsis) from the Warm Temperate South-western Atlantic",2016,English,Stampar S.N.; Scarabino F.; Pastorino G.; Morandini A.C.,7,YES,"The aim of this work is to describe a species of the genus Ceriantheopsis based on both morphology and anatomy of specimens collected in Argentina and Brazil, emphasizing that this is the first species of this genus for this biogeographic region (Warm Temperate South-western Atlantic).",6,Taxonomy,Biogeography; Morphology,1;3;4,2,2,2,Brazil;Japan,South Atlantic,NA,NO,Argentina;Brazil,Cerianthidae,Ceriantheopsis,Ceriantheopsis lineata
252,"Ceriantharia in current systematics: Life cycles, morphology and genetics",2016,English,Stampar S.N.; Maronna M.M.; Kitahara M.V.; Reimer J.D.; Beneti J.S.; Morandini A.C.,18,YES,"Thus, this review focuses on discussing the morphological and genetic patterns and inferences of Ceriantharia in relation to other groups of Anthozoa",4,Biodiversity,Overview,0,3,0,3,Spain;Norway,NA,NA,YES,NA,NA,NA,NA
256,High-throughput metabarcoding of eukaryotic diversity for environmental monitoring of offshore oil-drilling activities,2016,English,Lanzén A.; Lekang K.; Jonassen I.; Thompson E.M.; Troedsson C.,69,YES,"We assessed the use of metabarcoding, using the 18S rRNA gene, for bio-monitoring of samples adjacent to offshore oil-drilling platforms on the Norwegian continental shelf. In particular, we focused on the relationships between sequencing data and environmental parameters, in comparison with classical morphology-based characterization",7,Molecular Biology,Conservation,0,2,1;2,0,Mexico;Argentina;Venezuela;France,North Atlantic;South Atlantic,NA,NO,Norway,NA,NA,NA
234,"Sea anemones (Cnidaria: Actiniaria, Corallimorpharia, Ceriantharia, Zoanthidea) from marine shallow-water environments in Venezuela: New records and an updated inventory",2016,English,González-Muñoz R.; Simões N.; Guerra-Castro E.J.; Hernández-Ortíz C.; Carrasquel G.; Mendez E.; Lira C.; Rada M.; Hernández I.; Pauls S.M.; Croquer A.; Cruz-Motta J.J.,19,YES,"In this study we examined specimens of sea anemones sensu lato (i.e. orders Actiniaria, Ceriantharia, Corallimorpharia, and Zoanthidea) sampled during November 2012 in several shallow coastal and coral reefs environments along six locations, four of which are marine reserves in Venezuela",4,Biodiversity,Biological Inventory,1;4,2,2,1;4,Brazil;Argentina;Mexico,South Atlantic,NA,NO,Venezuela,Arachnactidae; Cerianthidae,Ceriantheomorphe; Ceriantheopsis; Isarachnanthus; Pachycerianthus,Ceriantheomorphe brasiliensis; Ceriantheopsis americana; Isarachnanthus nocturnus; Pachycerianthus curacaoensis
230,"Botruanthus mexicanus (Cnidaria: Ceriantharia), a new species of tube-dwelling anemone from the Gulf of Mexico",2016,English,Stampar S.N.; González-Muñoz R.; Morandini A.C.,4,YES,"The present study focuses on the description of the second species of this genus, the first known from the Atlantic Ocean",6,Taxonomy,Morphology,1,2,0,1,Brazil,North Atlantic,NA,NO,Gulf of Mexico,Botrucnidiferidae,Botruanthus,Botruanthus mexicanus
299,Occurrence of Isarachnanthus (Cnidaria: Anthozoa: Ceriantharia) at Ascension Island: A test of hypothesis,2014,English,Stampar S.N.; Morandini A.C.,8,YES,A hypothesis about the origin of Pacific and West Atlantic species was raised by Stampar et al.(2012). The hypothesis stated that the ancestral species originated from the east coast of the Atlantic,6,Integrative Taxonomy,Biogeography; Phylogenetic,0,2,0,1,Brazil;USA;Saudi Arabia,South Atlantic,NA,NO,Ascension Island,Cerianthidae,Isarachnanthus,Isarachnanthus maderensis
253,"A new species of Arachnanthus from the Red Sea (Cnidaria, Ceriantharia)",2018,English,Stampar S.N.; El Didi S.O.; Paulay G.; Berumen M.L.,4,YES,"Here a fifth species of Arachnanthus is described, the first known from Red Sea",6,Taxonomy,Morphology,1,2,0,1,USA,Indian,Red Sea,NO,Saudi Arabia,Arachnactidae,Arachnanthus,Arachnanthus lilith
201,Invasive tunicate restructures invertebrate community on fishing grounds and a large protected area on Georges Bank,2018,English,Kaplan K.A.; Hart D.R.; Hopkins K.; Gallager S.; York A.; Taylor R.; Sullivan P.J.,15,YES,"In this study we used data collected via HabCam, a vessel-towed underwater imaging system, to investigate the distribution of D. vexillum and its relationship to other epibenthic macroinvertebrates in a portion of Georges Bank that includes fishing grounds and an area protected from bottom-fishing",2,Ecology,Biological Inventory,4,1,1;2,1,Brazil,North Atlantic,North Atlantic,NO,United Kingdom,Cerianthidae,Cerianthus; Ceriantheopsis,Cerianthus borealis
128,A different manner to share a house: is a colonial species possible in Ceriantharia (Cnidaria; Anthozoa)?,2019,English,Ceriello H.; Lopes C.S.S.; Dias G.M.; Stampar S.N.,3,YES,Reported the first ceriantharian"colony",2,Ecology,Ecological Interactions,6,1,1,1,Brazil,North Atlantic,North Sea,NO,Norway,Botrucnidiferidae,Botrucnidifer,Botrucnidifer norvegicus
192,DNA barcoding revealing the occurrence of Isarachnanthus (Cnidaria; anthozoa; ceriantharia) in cape Verde,2019,English,Stampar S.N.; Lopes C.S.S.; De Angelis S.A.; Morandini A.C.,0,YES,This study presents occurrence data of the genus at the Cape Verde Islands and discusses the relevance of biogeographic patterns based on life cycle aspects.,4,Biodiversity,Biogeography,1,2,1,1,Brazil;USA,North Atlantic,NA,NO,Cape Verde,Arachnactidae,Isarachnanthus,NA
182,Linear Mitochondrial Genome in Anthozoa (Cnidaria): A Case Study in Ceriantharia,2019,English,Stampar S.N.; Broe M.B.; Macrander J.; Reitzel A.M.; Brugler M.R.; Daly M.,26,YES,"Recognizing the power of mitochondrial genomes to illuminate anthozoan relationships, we sequenced and characterized the mitogenome of the ceriantharians Isarachnanthus nocturnus and Pachycerianthus magnus.",7,Molecular Biology; Phylogeny,Evolution; Phylogenomic,0,2,0,3;4,Italy,North Pacific;South Atlantic,NA,NO,Brazil;China,Arachnactidae; Cerianthidae,Ceriantheopsis; Isarachnanthus; Pachycerianthus,Ceriantheopsis americana; Isarachnanthus nocturnus; Pachycerianthus magnus
115,Megafauna distribution along active submarine canyons of the central Mediterranean: Relationships with environmental variables,2019,English,Pierdomenico M.; Cardone F.; Carluccio A.; Casalbore D.; Chiocci F.; Maiorano P.; D'Onghia G.,26,YES,"In this study, the distribution of benthic and demersal megafauna within the thalweg of some of these canyons (i.e. the Gioia-Petrace and Caulonia Marina canyons in the Tyrrhenian and the Ionian Calabrian margins, respectively, and the Sant?Agata, San Gregorio, Tremestieri and Messina canyons in the Messina Strait) was studied using Remotely Operated Vehicle video transects",4,Biodiversity,Biological Inventory,4,1,1;2;6,1,Brazil,North Atlantic,Mediterranean Sea,NO,Italy,NA,NA,NA
560,"Revision of the genus ceriantheomorphe (Cnidaria, anthozoa, ceriantharia) with description of a new species from the gulf of Mexico and northwestern Atlantic",2019,English,Lopes C.S.S.; Ceriello H.; Morandini A.C.; Stampar S.N.,7,YES,"This study aims to present a taxonomic review of the genus Ceriantheomorphe including a redescription of the holotype of C. brasiliensis, a redescription of C. ambonensis, and the description of a new species from the North Atlantic",6,Taxonomy,Biogeography; Morphology,1,2,0,3;4,Israel,South Atlantic;North Atlantic;Pacific Ocean,NA,NO,Brazil;Uruguai; Mexico;USA;Indonesia,Cerianthidae,Ceriatheomorphe,Ceriantheomorphe adelita; Ceriantheomorphe brasiliensis; Ceriantheomorphe ambonensis
169,The Spread of Non-indigenous Species in the Mediterranean ? A Threat to Cold-Water Corals?,2019,English,Galil B.S.,2,NO,NA,4,Biodiversity,Conservation,0,3,1,1,Denmark,North Atlantic,Mediterranean Sea,YES,NA,NA,NA,NA
139,A comparative genomics study of neuropeptide genes in the cnidarian subclasses Hexacorallia and Ceriantharia,2020,English,Koch T.L.; Grimmelikhuijzen C.J.P.,17,YES,"Here, we have annotated the neuropeptide preprohormone genes of twenty species belonging to the subclass Hexacorallia or Ceriantharia (Anthozoa: Cnidaria)",7,Molecular Biology,Evolution,4,2,0,3,Brazil;New Zealand;Australia,NA,NA,YES,NA,Cerianthidae,Pachycerianthus,Pachycerianthus borealis
546,"Ceriantharia (Cnidaria) from Australia, New Zealand and Antarctica with Descriptions of Four New Species",2020,English,Stampar S.N.; Mills V.S.; Keable S.J.,2,YES,"This study addresses this knowledge gap, reviewing previous records and describes new species of two genera, Ceriantheopsis and Pachycerianthus from the South Pacific Ocean, including the Coral Sea, Tasman Sea and Antarctic Ocean",6,Taxonomy,Morphology,6,2,0,2,Brazil;Japan;Argentina,South Pacific;Antarctic,Coral Sea; Tasman Sea,NO,Antarctica;Australia;New Zealand,Cerianthidae,Ceriantheopsis; Pachycerianthus,Ceriantheopsis microbotanica; Ceriantheopsis zealandiaensis; Pachycerianthus antarcticus; Pachycerianthus fiordlandensis
127,Ceriantharia (Cnidaria) of the world: An annotated catalogue and key to species,2020,English,Stampar S.N.; Reimer J.D.; Maronna M.M.; Lopes C.S.S; Ceriello H.; Santos T.B.; Acuña F.H.; Morandini A.C.,5,YES,"This study serves as a presentation of the ?state-of-the-art? list of species of Ceriantharia, and includes a species identification key to support taxonomic identification",4,Biodiversity,Overview,7,1,1;2;3;4;5;6;7,3,Brazil;Norway,NA,NA,YES,NA,Arachnactidae; Botrucnidiferidae; Cerianthidae,Arachnanthus; Botruanthus; Botrucnidifer; Cerianthus; Ceriantheomorphe; Ceriantheopsis; Isarachnanthus;  Pachycerianthus,Arachnanthus australiae; Arachnanthus bockii; Arachnanthus lilith; Arachnanthus oligopodus; Arachnanthus sarsi; Botruanthus benedeni; Botruanthus mexicanus; Botrucnidifer norvegicus; Botrucnidifer shtokmani; Cerianthus andamanensis; Cerianthus bathymetricus; Cerianthus filiformis; Cerianthus incertus; Cerianthus japonicus; Cerianthus lloydii; Cerianthus malakhovi; Cerianthus medusula; Cerianthus membranaceus; Cerianthus mortenseni (?); Cerianthus punctatus; Cerianthus roulei; Cerianthus stimpsonii (?); Cerianthus sulcatus; Cerianthus taedus; Cerianthus valdiviae; Cerianthus vas; Cerianthus vogti; Ceriantheomorphe adelita; Ceriantheomorphe ambonensis; Ceriantheomorphe brasiliensis; Ceriantheopsis americana; Ceriantheopsis austroafricanus; Ceriantheopsis lineata; Ceriantheopsis nikitai; Isarachnanthus bandanensis; Isarachnanthus maderensis; Isarachnanthus panamensis; Pachycerianthus aestuarii; Pachycerianthus borealis; Pachycerianthus curacaoensis; Pachycerianthus delwynae; Pachycerianthus dohrni; Pachycerianthus fimbriatus; Pachycerianthus insignis; Pachycerianthus johnsoni; Pachycerianthus longistriatus; Pachycerianthus magnus; Pachycerianthus maua; Pachycerianthus monostichus; Pachycerianthus multiplicatus; Pachycerianthus nobilis; Pachycerianthus schlenzae; Pachycerianthus solitarius
108,Corals as substrate for tube-dwelling anemones,2020,English,Ceriello H.; Costa G.G.; Bakken T.; Stampar S.N.,3,YES,"In the present study, we describe the association between B. norvegicus and a stony deep-sea coral of the order Scleractinia",2,Ecology,Ecological Interactions,3,2,1,1,Brazil;Japan;Norway,North Atlantic,,NO,Norway,Botrucnidiferidae,Botrucnidifer,Botrucnidifer norvegicus
124,"Knock knock, who?s there?: marine invertebrates in tubes of Ceriantharia (Cnidaria: Anthozoa)",2020,English,Ceriello H.; Lopes C.S.S.; Reimei J.D.; Bakken T.; Fukuda M.V.; Cunha C.M.; Stampar S.N.,6,YES,"The present study reports on invertebrate communities inhabiting tubes of different ceriantharian species from different locations, and discusses their main characteristics",2,Ecology,Ecological Interactions,1,2,0,3,Italy;Saudi Arabia;Russia;Sweden;USA,North Atlantic;Pacific;South Atlantic,North Sea,NO,Argentina;Brazil;Japan;Norway;Portugal;USA,Arachnactidae; Cerianthidae,Arachnanthus; Botrucnidifer; Cerianthus; Ceriantheomorphe; Cerianthus; Isarachnanthus; Pachycerianthus,Botrucnidifer norvegicus; Ceriantheomorphe brasiliensis; Ceriantheopsis americana; Ceriantheopsis lineata; Cerianthus lloydii; Isarachnanthus bandanensis; Isarachnanthus nocturnus; Pachycerianthus schlenzae
553,Molecular phylogeny of ceriantharia (cnidaria: Anthozoa) reveals non-monophyly of traditionally accepted families,2019,English,Mejia A.C.F.; Molodtsova T.; Östman C.; Bavestrello G.; Rouse G.W.,8,YES,"We assess the phylogeny of tube anemones, as follows: (1) to examine the validity of the currently used classification of Ceriantharia; (2) to evaluate the monophyly of the three families presently accepted for Ceriantharia; and (3) to assess the position of Ceriantharia within Anthozoa.",7,Molecular Biology; Phylogeny,Evolution; Phylogenomic,1;3;6,2,1,3;4,Canada,NA,NA,NO,NA,Arachnactidae; Botrucnidiferidae; Cerianthidae,Botruanthus; Botrucnidifer; Cerianthus; Isarachnanthus; Pachycerianthus,Cerianthus membranaceus; Cerianthus mortenseni; Pachycerianthus multiplicatus; Pachycerianthus torreyi; Pachycerianthus fimbriatus; Pachycerianthus dohrni; Botruanthus benedeni; Isarachnanthus maderensis
551,Revisiting Ceriantharian (Anthozoa) mitochondrial genomes: Casting doubts about their structure and size,2020,English,Smith D.R.,5,YES,"Here, I take a closer look at the work of Stampar et al. 2019 and question their key results",7,Molecular Biology; Phylogeny,Evolution; Phylogenomic,4,2,0,0,USA;Brazil,NA,NA,YES,NA,Arachnactidae; Cerianthidae,Isarachnanthus; Pachycerianthus,Isarachnanthus nocturnus; Pachycerianthus magnus
136,"Transcriptomic analysis of four cerianthid (Cnidaria, Ceriantharia) venoms",2020,English,Klompen A.M.L.; Macrander J.; Reitzel A.M.; Stampar S.N.,29,YES,"The aim of this project is to explore newly sequenced transcriptomes for four adult cerianthid species (Ceriantheomorphe brasiliensis, Isarachnanthus nocturnus, Pachycerianthus borealis, and Pachycerianthus cf. maua) and determine putative venom-like gene candidates across each using a customized annotation pipeline. This study is the first formal analysis of venom composition within this subclass Ceriantharia, and a targeted comparison of the venom gene profiles between cerianthids and other cnidarian species.",7,Biochemistry,Cnida,1;2,2,0,0,Brazil,North Atlantic;South Atlantic,NA,NO,Brazil; Gulf of Maine;USA,"Arachnactidae, Cerianthidae",Ceriantheomorphe; Isarachnanthus; Pachyceriathus,Ceriantheomorphe brasiliensis; Isarachnanthus nocturnus; Pachycerianthus borealis; Pachycerianthus maua
161,"Crustacea biodiversity in tubes of Ceriantharia (Cnidaria; Anthozoa), including the description of a novel species of Amphipoda from southeastern Brazil",2022,English,Ceriello H.; Senna A.R.; Andrade L.F.; Stampar S.N.,2,YES,"This study, therefore, aims to investigate ceriantharian tubes in order to advance the underThis study, therefore, aims to investigate ceriantharian tubes in order to advance the understanding of marine crustacean benthic biodiversity",2,Ecology,Ecological Interactions,1,2,1,1,USA;Australia;Colombia;Brazil;Mexico;Japan,South Atlantic,NA,NO,Brazil,Cerianthidae,Ceriantheomorphe,Ceriantheomorphe brasiliensis
195,"Phylogenomics, Origin, and Diversification of Anthozoans (Phylum Cnidaria)",2021,English,McFadden C.S.; Quattrini A.M.; Brugler M.R.; Cowman P.F.; Dueñas L.F.; Kitahara M.V.; Paz-García D.A.; Reimer J.D.; Rodríguez E.,83,YES,"Here, we use the time-calibrated tree reconstructed in that study to explore the evolutionary history of Anthozoa in greater depth, focusing on the origins of major clades and the gains and losses of key morphological innovations, including bilateral symmetry, coloniality, and the acquisition of photosymbionts.",7,Molecular Biology; Phylogeny,Evolution; Phylogenomic,4,2,0,3,Costa Rica,NA,NA,YES,NA,Botrucnidiferidae; Cerianthidae,Botruanthus; Cerianthus; Ceriantheomorphe; Isarachnanthus; Pachycerianthus,Botruanthus mexicanus; Cerianthus membranaceus; Cerianthus vogti; Ceriantheomorphe brasiliensis
573,"Subtidal habitats diversity of Santa Elena Peninsula and Murcielago Islands, North Pacific, Costa Rica",2021,Spanish,Fernández-García C.; Salas-Moya C.; Mena S.; Azofeifa-Solano J.C.; Alvarado J.J.,0,YES,"Our study reports the marine biodiversity associated with rocky reefs, coral reefs, Sargassum forests and sedimentary subtidal bottoms (20-30 deep), in a tropical seasonal upwelling area (Santa Elena Peninsula, Santa Elena Bay, and Murciélago Islands, Costa Rica)",4,Biodiversity,Biological Inventory,1;3,2,1;2,1,Canada;Portugal;Canada,South Pacific,NA,NO,Equador,Cerianthidae,NA,NA
18,Megabenthic biodiversity in culturally and ecologically important coastal regions of Northern Labrador,2022,English,Rangeley R.; Neves B.M.; Campanyà-Llovet N.; Denniston M.; Laing R.; Anthony K.; McCarney P.; McIver R.; Whyte J.; Vance A.R.; Jubinville I.; Hodgson J.; Murphy A.J.; Cote D.,1,YES,"The objective of this study was to help fill gaps in ecological knowledge in areas of high cultural significance to Inuit in the marine environment of Nunatsiavut. We aimed to understand patterns of distribution and abundance of key taxa including the identification of vulnerable marine ecosystems (VMEs) characterized by functionally significant and fragile indicator species, such as corals and sponges, that provide structural complex habitats (e.g., Long et al. 2020)",4,Biodiversity,Conservation,4,1,1;2,2,Brazil,Arctic;North Atlantic,Labrador Sea; North Sea,NO,Canada,NA,NA,NA
8,Ceriantheomorphe brasiliensis (Cnidaria; Ceriantharia): how does it behave?,2023,English,Ceriello H.; Stampar S.N.,1,YES,"In this study, we describe for the first time the tube-building behaviour of Ceriantheomorphe brasiliensis and detail its behaviour in natural habitat, including illustrations and videos of live specimens",2,Ecology,Behavior,1;4,1,1,1,Russia,South Atlantic,NA,NO,Brazil,Cerianthidae,Ceriantheomorphe,Ceriantheomorphe brasiliensis
49,Cerianthus lloydii (Ceriantharia: Anthozoa: Cnidaria): New Status and New Perspectives,2023,English,Molodtsova T.N.; Moskalenko V.N.; Lipukhin E.V.; Antokhina T.I.; Ananeva M.S.; Simakova U.V.,2,YES,"The integrity of C. lloydii as a species has been questioned in the literature. To test this hypothesis, we performed a molecular study of C. lloydii from several geographically distant localities using 18S and COI genes",6,Integrative Taxonomy,Evolution; Phylogenetic,4,2,0,2,Argentina;Brazil;Panama,NA,NA,YES,NA,Cerianthidae,Cerianthus,Cerianthus lloydii
23,"Cnidom in Ceriantharia (Cnidaria, Anthozoa): new findings in the composition and micrometric variations of cnidocysts",2023,English,Garese A.; Correa F.G.; Acuña F.H.; Stampar S.N.,3,YES,"The present study aimed to understand the variability of the cnidom, i.e., the inventory of all cnidocyst types, in the ceriantharians (tube anemones) Ceriantheomorphe brasiliensis (10 individuals) and Cerianthus sp. (seven individuals)",5,Cell Biology,Cnida,1,2,0,1,Brazil;Uruguay;Argentina,South Atlantic,NA,NO,Argentina;Brazil;Uruguai,Cerianthidae,Ceriantheomorphe; Cerianthus,Ceriantheomorphe brasiliensis
14,Description and life cycle of a new species of the genus Arachnanthus (Cnidaria: Anthozoa: Ceriantharia) from the Southwestern Atlantic Ocean,2023,English,Lopes C.S.S.; Scarabino F.; Carranza A.; Muñoz R.G.; Morandini A.C.; Nagata R.M.; Stampar S.N.,0,YES,"The present study describes a new species of the genus Arachnanthus and its life cycle, based on specimens from Uruguay and South of Brazil",6,Taxonomy,Life Cycle; Morphology,3,2,0,1,USA;Brazil,South Atlantic,NA,NO,Brazil,Arachnactidae,Arachnanthus,Arachnanthus errans
62,"Mito-nuclear discordance within Anthozoa, with notes on unique properties of their mitochondrial genomes",2023,English,Quattrini A.M.; Snyder K.E.; Purow-Ruderman R.; Seiblitz I.G.L.; Hoang J.; Floerke N.; Ramos N.I.; Wirshing H.H.; Rodriguez E.; McFadden C.S.,15,YES,"Here, we used data obtained from target Capture enrichment sequencing to assemble and annotate mt genomes and reconstruct phylogenies  for comparisons to phylogenies inferred from hundreds of nuclear loci obtained from the same samples",7,Molecular Biology; Phylogeny,Phylogenomic,4,2,0,3,Brazil,NA,NA,YES,NA,NA,NA,NA
92,New evidence to demystify the supposed holoplanktonic life cycle in Ceriantharia (Cnidaria),2023,English,Lopes C.S.S.; Maronna M.M.; Martinelli Filho J.E.; Morandini A.C.; Stampar S.N.,2,YES,"The present study discusses the taxonomic position and relevant nomenclatural aspects of the ceriantharian larvae found on the Brazilian Amazon coast based on molecular, morphological, and biogeographic data",6,Integrative Taxonomy,Biogeography,3,1,1;4;7,1,Spain;Italy,South Atlantic,NA,NO,Brazil,Cerianthidae,"Isarachnanthus, Ovactis",Isarachnanthus nocturnus; Ovactis brasiliensis
32,ROV-based monitoring of passive ecological recovery in a deep-sea no-take fishery reserve,2023,English,Vigo M.; Navarro J.; Aguzzi J.; Bahamón N.; García J.A.; Rotllant G.; Recasens L.; Company J.B.,20,YES,"In this study, we used ROV video-surveys to investigate the ecological and morphological status of a pilot no-take reserve implemented in a deep-sea northwestern Mediterranean area 2.5 years after its establishment as well as the situation of a nearby control (fished) area.",4,Biodiversity,Conservation,4,1,1,1,UK;Australia;Japan;USA,North Atlantic,Mediterranean Sea,NO,NA,Arachnactidae,Arachnanthus,Arachnanthus oligopodus
572,"An underwater imagery identification guide for shallow, mesophotic and deep-sea benthos in Maldives",2024,English,Amjad F.; Ahusan M.; Amir H.; de Villiers N.M.; Gress E.; Mah C.L.; Naeem S.; Rico-Seijo N.; Samaai T.; Afzal M.S.; Woodall L.C.; Stefanoudis P.,0,YES,"Here, we present a photographic guide for the visual, in situ identification of reef benthos encountered, including corals, sponges and other invertebrates that inhabit Maldives? nearshore habitats",4,Biodiversity,Biological Inventory,4,1,1,1,Brazil,Indian,NA,NO,Maldives,NA,NA,NA
30,Bullseye: shotgun metagenomics taking aim at the microbial diversity associated with tubes of Ceriantharia,2024,English,Ceriello H.; Brito G.R.; de Oliveira B.F.R.; Cunha M.D.P.; Stampar S.N.,0,YES,"This study aimed to analyse the microbial biodiversity in ceriantharian tubes through shotgun metagenomics, to enhance the understanding of ecological dynamics in these microhabitats",2,Ecology,Ecological Interactions,1,2,1,1;4,Italy;Belgium;Sweden,South Atlantic,NA,NO,Brazil,Cerianthidae,Ceriantheomorphe; Ceriantheopsis,Ceriantheomorphe brasiliensis; Ceriantheopsis lineata
1,"Cnida Morphology as Taxonomic Tools within Tube-Dwelling Anemones (Ceriantharia, Cnidaria)",2024,English,Forero-Mejia A.C.; Duchatelet L.; Östman C.,0,YES,"This article aims to revise the different cnida types occurring within the Ceriantharia, illustrate their morphological variation, and evaluate the potential of cnidae as taxonomic and phylogenetic tools",6,Cell Biology,Cnida,0,2,0,2,Brazil;Japan,North Atlantic,Baltic Sea; Persian Gulf; Red Sea,NO,Italy;Saudi Arabia;Sweden;USA,NA,NA,NA
55,"Unlocking the jar: revealing gastric content in Ceriantharia (Cnidaria, Anthozoa) through whole-genome shotgun sequencing",2024,English,Santos T.B.; Poliseno A.; Bendia A.G.; Pellizari V.H.; Reimer J.D.; Stampar S.N.,2,YES,"The main objective of this study was to elucidate the trophic performance of Isarachnanthus nocturnus and Pachycerianthus magnus by analyzing the contents of their gastric cavities using microscopy techniques and metagenomic (whole genome shotgun sequencing) approaches. Specifically, the study aims to identify and characterize the main classes of organisms that are present in the diet of these species and elucidate their role in the digestion process through sequence comparisons.",2,Ecology,Ecological Interactions,1;4,2,1,1,,North Pacific;South Atlantic,NA,NO,Brazil;Japan,Arachnactidae; Cerianthidae,Isarachnanthus; Pachycerianthus,Isarachnanthus nocturnus; Pachycerianthus magnus
